"","location","date","stringency_index"
"1","Romania","2020-02-26","16.67"
"2","Romania","2020-02-27","16.67"
"3","Romania","2020-02-28","16.67"
"4","Romania","2020-02-29","16.67"
"5","Romania","2020-03-01","16.67"
"6","Romania","2020-03-02","16.67"
"7","Romania","2020-03-03","16.67"
"8","Romania","2020-03-04","16.67"
"9","Romania","2020-03-05","16.67"
"10","Romania","2020-03-06","16.67"
"11","Romania","2020-03-07","16.67"
"12","Romania","2020-03-08","30.56"
"13","Romania","2020-03-09","33.33"
"14","Romania","2020-03-10","33.33"
"15","Romania","2020-03-11","44.44"
"16","Romania","2020-03-12","58.33"
"17","Romania","2020-03-13","58.33"
"18","Romania","2020-03-14","58.33"
"19","Romania","2020-03-15","58.33"
"20","Romania","2020-03-16","58.33"
"21","Romania","2020-03-17","58.33"
"22","Romania","2020-03-18","58.33"
"23","Romania","2020-03-19","61.11"
"24","Romania","2020-03-20","61.11"
"25","Romania","2020-03-21","69.44"
"26","Romania","2020-03-22","75.0"
"27","Romania","2020-03-23","75.0"
"28","Romania","2020-03-24","75.0"
"29","Romania","2020-03-25","78.7"
"30","Romania","2020-03-26","78.7"
"31","Romania","2020-03-27","78.7"
"32","Romania","2020-03-28","78.7"
"33","Romania","2020-03-29","78.7"
"34","Romania","2020-03-30","81.48"
"35","Romania","2020-03-31","87.04"
"36","Romania","2020-04-01","87.04"
"37","Romania","2020-04-02","87.04"
"38","Romania","2020-04-03","87.04"
"39","Romania","2020-04-04","87.04"
"40","Romania","2020-04-05","87.04"
"41","Romania","2020-04-06","87.04"
"42","Romania","2020-04-07","87.04"
"43","Romania","2020-04-08","87.04"
"44","Romania","2020-04-09","87.04"
"45","Romania","2020-04-10","87.04"
"46","Romania","2020-04-11","87.04"
"47","Romania","2020-04-12","87.04"
"48","Romania","2020-04-13","87.04"
"49","Romania","2020-04-14","87.04"
"50","Romania","2020-04-15","87.04"
"51","Romania","2020-04-16","87.04"
"52","Romania","2020-04-17","87.04"
"53","Romania","2020-04-18","87.04"
"54","Romania","2020-04-19","87.04"
"55","Romania","2020-04-20","87.04"
"56","Romania","2020-04-21","87.04"
"57","Romania","2020-04-22","87.04"
"58","Romania","2020-04-23","87.04"
"59","Romania","2020-04-24","87.04"
"60","Romania","2020-04-25","87.04"
"61","Romania","2020-04-26","87.04"
"62","Romania","2020-04-27","87.04"
"63","Romania","2020-04-28","87.04"
"64","Romania","2020-04-29","87.04"
"65","Romania","2020-04-30","87.04"
"66","Romania","2020-05-01","87.04"
"67","Romania","2020-05-02","87.04"
"68","Romania","2020-05-03","87.04"
"69","Romania","2020-05-04","87.04"
"70","Romania","2020-05-05","87.04"
"71","Romania","2020-05-06","87.04"
"72","Romania","2020-05-07","87.04"
"73","Romania","2020-05-08","87.04"
"74","Romania","2020-05-09","87.04"
"75","Romania","2020-05-10","87.04"
"76","Romania","2020-05-11","78.7"
"77","Romania","2020-05-12","78.7"
"78","Romania","2020-05-13","78.7"
"79","Romania","2020-05-14","78.7"
"80","Romania","2020-05-15","78.7"
"81","Romania","2020-05-16","75.0"
"82","Romania","2020-05-17","75.0"
"83","Romania","2020-05-18","75.0"
"84","Romania","2020-05-19","75.0"
"85","Romania","2020-05-20","75.0"
"86","Romania","2020-05-21","75.0"
"87","Romania","2020-05-22","75.0"
"88","Romania","2020-05-23","75.0"
"89","Romania","2020-05-24","75.0"
"90","Romania","2020-05-25","75.0"
"91","Romania","2020-05-26","75.0"
"92","Romania","2020-05-27","75.0"
"93","Romania","2020-05-28","75.0"
"94","Romania","2020-05-29","75.0"
"95","Romania","2020-05-30","75.0"
"96","Romania","2020-05-31","75.0"
"97","Romania","2020-06-01","57.41"
"98","Romania","2020-06-02","53.7"
"99","Romania","2020-06-03","53.7"
"100","Romania","2020-06-04","53.7"
"101","Romania","2020-06-05","53.7"
"102","Romania","2020-06-06","53.7"
"103","Romania","2020-06-07","53.7"
"104","Romania","2020-06-08","53.7"
"105","Romania","2020-06-09","53.7"
"106","Romania","2020-06-10","53.7"
"107","Romania","2020-06-11","53.7"
"108","Romania","2020-06-12","53.7"
"109","Romania","2020-06-13","53.7"
"110","Romania","2020-06-14","53.7"
"111","Romania","2020-06-15","50.93"
"112","Romania","2020-06-16","50.93"
"113","Romania","2020-06-17","41.67"
"114","Romania","2020-06-18","41.67"
"115","Romania","2020-06-19","41.67"
"116","Romania","2020-06-20","41.67"
"117","Romania","2020-06-21","41.67"
"118","Romania","2020-06-22","41.67"
"119","Romania","2020-06-23","41.67"
"120","Romania","2020-06-24","41.67"
"121","Romania","2020-06-25","41.67"
"122","Romania","2020-06-26","41.67"
"123","Romania","2020-06-27","41.67"
"124","Romania","2020-06-28","41.67"
"125","Romania","2020-06-29","41.67"
"126","Romania","2020-06-30","41.67"
"127","Romania","2020-07-01","41.67"
"128","Romania","2020-07-02","41.67"
"129","Romania","2020-07-03","41.67"
"130","Romania","2020-07-04","41.67"
"131","Romania","2020-07-05","41.67"
"132","Romania","2020-07-06","41.67"
"133","Romania","2020-07-07","38.89"
"134","Romania","2020-07-08","42.59"
"135","Romania","2020-07-09","42.59"
"136","Romania","2020-07-10","42.59"
"137","Romania","2020-07-11","42.59"
"138","Romania","2020-07-12","42.59"
"139","Romania","2020-07-13","42.59"
"140","Romania","2020-07-14","42.59"
"141","Romania","2020-07-15","42.59"
"142","Romania","2020-07-16","42.59"
"143","Romania","2020-07-17","42.59"
"144","Romania","2020-07-18","42.59"
"145","Romania","2020-07-19","42.59"
"146","Romania","2020-07-20","42.59"
"147","Romania","2020-07-21","42.59"
"148","Romania","2020-07-22","42.59"
"149","Romania","2020-07-23","42.59"
"150","Romania","2020-07-24","42.59"
"151","Romania","2020-07-25","42.59"
"152","Romania","2020-07-26","42.59"
"153","Romania","2020-07-27","42.59"
"154","Romania","2020-07-28","42.59"
"155","Romania","2020-07-29","42.59"
"156","Romania","2020-07-30","42.59"
"157","Romania","2020-07-31","42.59"
"158","Romania","2020-08-01","42.59"
"159","Romania","2020-08-02","42.59"
"160","Romania","2020-08-03","42.59"
"161","Romania","2020-08-04","42.59"
"162","Romania","2020-08-05","42.59"
"163","Romania","2020-08-06","42.59"
"164","Romania","2020-08-07","42.59"
"165","Romania","2020-08-08","42.59"
"166","Romania","2020-08-09","42.59"
"167","Romania","2020-08-10","42.59"
"168","Romania","2020-08-11","42.59"
"169","Romania","2020-08-12","42.59"
"170","Romania","2020-08-13","42.59"
"171","Romania","2020-08-14","42.59"
"172","Romania","2020-08-15","42.59"
"173","Romania","2020-08-16","42.59"
"174","Romania","2020-08-17","42.59"
"175","Romania","2020-08-18","42.59"
"176","Romania","2020-08-19","42.59"
"177","Romania","2020-08-20","42.59"
"178","Romania","2020-08-21","42.59"
"179","Romania","2020-08-22","42.59"
"180","Romania","2020-08-23","42.59"
"181","Romania","2020-08-24","42.59"
"182","Romania","2020-08-25","42.59"
"183","Romania","2020-08-26","42.59"
"184","Romania","2020-08-27","42.59"
"185","Romania","2020-08-28","42.59"
"186","Romania","2020-08-29","42.59"
"187","Romania","2020-08-30","42.59"
"188","Romania","2020-08-31","42.59"
"189","Romania","2020-09-01","42.59"
"190","Romania","2020-09-02","42.59"
"191","Romania","2020-09-03","45.37"
"192","Romania","2020-09-04","45.37"
"193","Romania","2020-09-05","45.37"
"194","Romania","2020-09-06","45.37"
"195","Romania","2020-09-07","45.37"
"196","Romania","2020-09-08","45.37"
"197","Romania","2020-09-09","45.37"
"198","Romania","2020-09-10","45.37"
"199","Romania","2020-09-11","45.37"
"200","Romania","2020-09-12","45.37"
"201","Romania","2020-09-13","45.37"
"202","Romania","2020-09-14","43.52"
"203","Romania","2020-09-15","43.52"
"204","Romania","2020-09-16","43.52"
"205","Romania","2020-09-17","43.52"
"206","Romania","2020-09-18","43.52"
"207","Romania","2020-09-19","43.52"
"208","Romania","2020-09-20","43.52"
"209","Romania","2020-09-21","43.52"
"210","Romania","2020-09-22","43.52"
"211","Romania","2020-09-23","43.52"
"212","Romania","2020-09-24","43.52"
"213","Romania","2020-09-25","43.52"
"214","Romania","2020-09-26","43.52"
"215","Romania","2020-09-27","43.52"
"216","Romania","2020-09-28","43.52"
"217","Romania","2020-09-29","43.52"
"218","Romania","2020-09-30","43.52"
"219","Romania","2020-10-01","43.52"
"220","Romania","2020-10-02","43.52"
"221","Romania","2020-10-03","43.52"
"222","Romania","2020-10-04","43.52"
"223","Romania","2020-10-05","43.52"
"224","Romania","2020-10-06","43.52"
"225","Romania","2020-10-07","45.37"
"226","Romania","2020-10-08","45.37"
"227","Romania","2020-10-09","44.44"
"228","Romania","2020-10-10","44.44"
"229","Romania","2020-10-11","44.44"
"230","Romania","2020-10-12","44.44"
"231","Romania","2020-10-13","44.44"
"232","Romania","2020-10-14","44.44"
"233","Romania","2020-10-15","44.44"
"234","Romania","2020-10-16","44.44"
"235","Romania","2020-10-17","44.44"
"236","Romania","2020-10-18","44.44"
"237","Romania","2020-10-19","44.44"
"238","Romania","2020-10-20","54.63"
"239","Romania","2020-10-21","54.63"
"240","Romania","2020-10-22","54.63"
"241","Romania","2020-10-23","54.63"
"242","Romania","2020-10-24","54.63"
"243","Romania","2020-10-25","54.63"
"244","Romania","2020-10-26","54.63"
"245","Romania","2020-10-27","54.63"
"246","Romania","2020-10-28","54.63"
"247","Romania","2020-10-29","54.63"
"248","Romania","2020-10-30","54.63"
"249","Romania","2020-10-31","54.63"
"250","Romania","2020-11-01","54.63"
"251","Romania","2020-11-02","54.63"
"252","Romania","2020-11-03","54.63"
"253","Romania","2020-11-04","54.63"
"254","Romania","2020-11-05","54.63"
"255","Romania","2020-11-06","54.63"
"256","Romania","2020-11-07","54.63"
"257","Romania","2020-11-08","54.63"
"258","Romania","2020-11-09","66.67"
"259","Romania","2020-11-10","66.67"
"260","Romania","2020-11-11","66.67"
"261","Romania","2020-11-12","66.67"
"262","Romania","2020-11-13","66.67"
"263","Romania","2020-11-14","66.67"
"264","Romania","2020-11-15","66.67"
"265","Romania","2020-11-16","76.85"
"266","Romania","2020-11-17","76.85"
"267","Romania","2020-11-18","76.85"
"268","Romania","2020-11-19","76.85"
"269","Romania","2020-11-20","76.85"
"270","Romania","2020-11-21","76.85"
"271","Romania","2020-11-22","76.85"
"272","Romania","2020-11-23","76.85"
"273","Romania","2020-11-24","76.85"
"274","Romania","2020-11-25","76.85"
"275","Romania","2020-11-26","76.85"
"276","Romania","2020-11-27","76.85"
"277","Romania","2020-11-28","76.85"
"278","Romania","2020-11-29","76.85"
"279","Romania","2020-11-30","76.85"
"280","Romania","2020-12-01","76.85"
"281","Romania","2020-12-02","76.85"
"282","Romania","2020-12-03","76.85"
"283","Romania","2020-12-04","76.85"
"284","Romania","2020-12-05","76.85"
"285","Romania","2020-12-06","76.85"
"286","Romania","2020-12-07","76.85"
"287","Romania","2020-12-08","76.85"
"288","Romania","2020-12-09","76.85"
"289","Romania","2020-12-10","76.85"
"290","Romania","2020-12-11","76.85"
"291","Romania","2020-12-12","76.85"
"292","Romania","2020-12-13","76.85"
"293","Romania","2020-12-14","76.85"
"294","Romania","2020-12-15","76.85"
"295","Romania","2020-12-16","76.85"
"296","Romania","2020-12-17","76.85"
"297","Romania","2020-12-18","76.85"
"298","Romania","2020-12-19","76.85"
"299","Romania","2020-12-20","76.85"
"300","Romania","2020-12-21","76.85"
"301","Romania","2020-12-22","76.85"
"302","Romania","2020-12-23","76.85"
"303","Romania","2020-12-24","76.85"
"304","Romania","2020-12-25","76.85"
"305","Romania","2020-12-26","76.85"
"306","Romania","2020-12-27","76.85"
"307","Romania","2020-12-28","76.85"
"308","Romania","2020-12-29","76.85"
"309","Romania","2020-12-30","76.85"
"310","Romania","2020-12-31","76.85"
"311","Romania","2021-01-01","76.85"
"312","Romania","2021-01-02","76.85"
"313","Romania","2021-01-03","76.85"
"314","Romania","2021-01-04","76.85"
"315","Romania","2021-01-05","76.85"
"316","Romania","2021-01-06","76.85"
"317","Romania","2021-01-07","76.85"
"318","Romania","2021-01-08","76.85"
"319","Romania","2021-01-09","76.85"
"320","Romania","2021-01-10","76.85"
"321","Romania","2021-01-11","76.85"
"322","Romania","2021-01-12","76.85"
"323","Romania","2021-01-13","76.85"
"324","Romania","2021-01-14","76.85"
"325","Romania","2021-01-15","76.85"
"326","Romania","2021-01-16","76.85"
"327","Romania","2021-01-17","76.85"
"328","Romania","2021-01-18","76.85"
"329","Romania","2021-01-19","76.85"
"330","Romania","2021-01-20","76.85"
"331","Romania","2021-01-21","76.85"
"332","Romania","2021-01-22","76.85"
"333","Romania","2021-01-23","76.85"
"334","Romania","2021-01-24","76.85"
"335","Romania","2021-01-25","76.85"
"336","Romania","2021-01-26","76.85"
"337","Romania","2021-01-27","76.85"
"338","Romania","2021-01-28","76.85"
"339","Romania","2021-01-29","76.85"
"340","Romania","2021-01-30","76.85"
"341","Romania","2021-01-31","76.85"
"342","Romania","2021-02-01","76.85"
"343","Romania","2021-02-02","76.85"
"344","Romania","2021-02-03","76.85"
"345","Romania","2021-02-04","76.85"
"346","Romania","2021-02-05","76.85"
"347","Romania","2021-02-06","76.85"
"348","Romania","2021-02-07","76.85"
"349","Romania","2021-02-08","76.85"
"350","Romania","2021-02-09","76.85"
"351","Romania","2021-02-10","76.85"
"352","Romania","2021-02-11","76.85"
"353","Romania","2021-02-12","76.85"
"354","Romania","2021-02-13","76.85"
"355","Romania","2021-02-14","76.85"
"356","Romania","2021-02-15","62.96"
"357","Romania","2021-02-16","62.96"
"358","Romania","2021-02-17","62.96"
"359","Romania","2021-02-18","62.96"
"360","Romania","2021-02-19","62.96"
"361","Romania","2021-02-20","62.96"
"362","Romania","2021-02-21","73.15"
"363","Romania","2021-02-22","73.15"
"364","Romania","2021-02-23","73.15"
"365","Romania","2021-02-24","73.15"
"366","Romania","2021-02-25","73.15"
"367","Romania","2021-02-26","73.15"
"368","Romania","2021-02-27","73.15"
"369","Romania","2021-02-28","73.15"
"370","Romania","2021-03-01","73.15"
"371","Romania","2021-03-02","73.15"
"372","Romania","2021-03-03","73.15"
"373","Romania","2021-03-04","73.15"
"374","Romania","2021-03-05","73.15"
"375","Romania","2021-03-06","73.15"
"376","Romania","2021-03-07","73.15"
"377","Romania","2021-03-08","73.15"
"378","Romania","2021-03-09","73.15"
"379","Romania","2021-03-10","73.15"
"380","Romania","2021-03-11","73.15"
"381","Romania","2021-03-12","73.15"
"382","Romania","2021-03-13","73.15"
"383","Romania","2021-03-14","73.15"
"384","Romania","2021-03-15","63.89"
"385","Romania","2021-03-16","63.89"
"386","Romania","2021-03-17","63.89"
"387","Romania","2021-03-18","63.89"
"388","Romania","2021-03-19","63.89"
"389","Romania","2021-03-20","63.89"
"390","Romania","2021-03-21","63.89"
"391","Romania","2021-03-22","63.89"
"392","Romania","2021-03-23","63.89"
"393","Romania","2021-03-24","63.89"
"394","Romania","2021-03-25","63.89"
"395","Romania","2021-03-26","63.89"
"396","Romania","2021-03-27","63.89"
"397","Romania","2021-03-28","63.89"
"398","Romania","2021-03-29","63.89"
"399","Romania","2021-03-30","63.89"
"400","Romania","2021-03-31","63.89"
"401","Romania","2021-04-01","63.89"
"402","Romania","2021-04-02","63.89"
"403","Romania","2021-04-03","63.89"
"404","Romania","2021-04-04","63.89"
"405","Romania","2021-04-05","63.89"
"406","Romania","2021-04-06","63.89"
"407","Romania","2021-04-07","63.89"
"408","Romania","2021-04-08","63.89"
"409","Romania","2021-04-09","63.89"
"410","Romania","2021-04-10","63.89"
"411","Romania","2021-04-11","63.89"
"412","Romania","2021-04-12","63.89"
"413","Romania","2021-04-13","63.89"
"414","Romania","2021-04-14","63.89"
"415","Romania","2021-04-15","63.89"
"416","Romania","2021-04-16","63.89"
"417","Romania","2021-04-17","63.89"
"418","Romania","2021-04-18","63.89"
"419","Romania","2021-04-19","63.89"
"420","Romania","2021-04-20","63.89"
"421","Romania","2021-04-21","63.89"
"422","Romania","2021-04-22","63.89"
"423","Romania","2021-04-23","63.89"
"424","Romania","2021-04-24","63.89"
"425","Romania","2021-04-25","63.89"
"426","Romania","2021-04-26","61.11"
"427","Romania","2021-04-27","61.11"
"428","Romania","2021-04-28","61.11"
"429","Romania","2021-04-29","61.11"
"430","Romania","2021-04-30","61.11"
"431","Romania","2021-05-01","61.11"
"432","Romania","2021-05-02","61.11"
"433","Romania","2021-05-03","61.11"
"434","Romania","2021-05-04","61.11"
"435","Romania","2021-05-05","61.11"
"436","Romania","2021-05-06","61.11"
"437","Romania","2021-05-07","61.11"
"438","Romania","2021-05-08","61.11"
"439","Romania","2021-05-09","61.11"
"440","Romania","2021-05-10","61.11"
"441","Romania","2021-05-11","61.11"
"442","Romania","2021-05-12","61.11"
"443","Romania","2021-05-13","61.11"
"444","Romania","2021-05-14","61.11"
"445","Romania","2021-05-15","37.04"
"446","Romania","2021-05-16","37.04"
"447","Romania","2021-05-17","37.04"
"448","Romania","2021-05-18","48.15"
"449","Romania","2021-05-19","48.15"
"450","Romania","2021-05-20","48.15"
"451","Romania","2021-05-21","48.15"
"452","Romania","2021-05-22","48.15"
"453","Romania","2021-05-23","48.15"
"454","Romania","2021-05-24","48.15"
"455","Romania","2021-05-25","48.15"
"456","Romania","2021-05-26","48.15"
"457","Romania","2021-05-27","48.15"
"458","Romania","2021-05-28","48.15"
"459","Romania","2021-05-29","48.15"
"460","Romania","2021-05-30","48.15"
"461","Romania","2021-05-31","48.15"
"462","Romania","2021-06-01","42.59"
"463","Romania","2021-06-02","42.59"
"464","Romania","2021-06-03","42.59"
"465","Romania","2021-06-04","42.59"
"466","Romania","2021-06-05","42.59"
"467","Romania","2021-06-06","42.59"
"468","Romania","2021-06-07","42.59"
"469","Romania","2021-06-08","42.59"
"470","Romania","2021-06-09","42.59"
"471","Romania","2021-06-10","42.59"
"472","Romania","2021-06-11","42.59"
"473","Romania","2021-06-12","42.59"
"474","Romania","2021-06-13","42.59"
"475","Romania","2021-06-14","42.59"
"476","Romania","2021-06-15","42.59"
"477","Romania","2021-06-16","42.59"
"478","Romania","2021-06-17","42.59"
"479","Romania","2021-06-18","42.59"
"480","Romania","2021-06-19","42.59"
"481","Romania","2021-06-20","42.59"
"482","Romania","2021-06-21","42.59"
"483","Romania","2021-06-22","31.48"
"484","Romania","2021-06-23","31.48"
"485","Romania","2021-06-24","31.48"
"486","Romania","2021-06-25","31.48"
"487","Romania","2021-06-26","31.48"
"488","Romania","2021-06-27","31.48"
"489","Romania","2021-06-28","31.48"
"490","Romania","2021-06-29","31.48"
"491","Romania","2021-06-30","31.48"
"492","Romania","2021-07-01","31.48"
"493","Romania","2021-07-02","31.48"
"494","Romania","2021-07-03","31.48"
"495","Romania","2021-07-04","31.48"
"496","Romania","2021-07-05","31.48"
"497","Romania","2021-07-06","31.48"
"498","Romania","2021-07-07","31.48"
"499","Romania","2021-07-08","31.48"
"500","Romania","2021-07-09","31.48"
"501","Romania","2021-07-10","31.48"
"502","Romania","2021-07-11","31.48"
"503","Romania","2021-07-12","31.48"
"504","Romania","2021-07-13","38.43"
"505","Romania","2021-07-14","38.43"
"506","Romania","2021-07-15","38.43"
"507","Romania","2021-07-16","38.43"
"508","Romania","2021-07-17","38.43"
"509","Romania","2021-07-18","38.43"
"510","Romania","2021-07-19","38.43"
"511","Romania","2021-07-20","38.43"
"512","Romania","2021-07-21","38.43"
"513","Romania","2021-07-22","38.43"
"514","Romania","2021-07-23","38.43"
"515","Romania","2021-07-24","38.43"
"516","Romania","2021-07-25","38.43"
"517","Romania","2021-07-26","38.43"
"518","Romania","2021-07-27","38.43"
"519","Romania","2021-07-28","38.43"
"520","Romania","2021-07-29","38.43"
"521","Romania","2021-07-30","38.43"
"522","Romania","2021-07-31","38.43"
"523","Romania","2021-08-01","38.43"
"524","Romania","2021-08-02","38.43"
"525","Romania","2021-08-03","38.43"
"526","Romania","2021-08-04","38.43"
"527","Romania","2021-08-05","38.43"
"528","Romania","2021-08-06","38.43"
"529","Romania","2021-08-07","38.43"
"530","Romania","2021-08-08","38.43"
"531","Romania","2021-08-09","55.09"
"532","Romania","2021-08-10","55.09"
"533","Romania","2021-08-11","55.09"
"534","Romania","2021-08-12","55.09"
"535","Romania","2021-08-13","55.09"
"536","Romania","2021-08-14","55.09"
"537","Romania","2021-08-15","55.09"
"538","Romania","2021-08-16","55.09"
"539","Romania","2021-08-17","55.09"
"540","Romania","2021-08-18","55.09"
"541","Romania","2021-08-19","55.09"
"542","Romania","2021-08-20","55.09"
"543","Romania","2021-08-21","55.09"
"544","Romania","2021-08-22","55.09"
"545","Romania","2021-08-23","55.09"
"546","Romania","2021-08-24","55.09"
"547","Romania","2021-08-25","55.09"
"548","Romania","2021-08-26","55.09"
"549","Romania","2021-08-27","55.09"
"550","Romania","2021-08-28","55.09"
"551","Romania","2021-08-29","55.09"
"552","Romania","2021-08-30","55.09"
"553","Romania","2021-08-31","55.09"
"554","Romania","2021-09-01","55.09"
"555","Romania","2021-09-02","55.09"
"556","Romania","2021-09-03","55.09"
"557","Romania","2021-09-04","55.09"
"558","Romania","2021-09-05","55.09"
"559","Romania","2021-09-06","55.09"
"560","Romania","2021-09-07","55.09"
"561","Romania","2021-09-08","55.09"
"562","Romania","2021-09-09","55.09"
"563","Romania","2021-09-10","55.09"
"564","Romania","2021-09-11","55.09"
"565","Romania","2021-09-12","55.09"
"566","Romania","2021-09-13","50.0"
"567","Romania","2021-09-14","50.0"
"568","Romania","2021-09-15","50.0"
"569","Romania","2021-09-16","50.0"
"570","Romania","2021-09-17","50.0"
"571","Romania","2021-09-18","50.0"
"572","Romania","2021-09-19","50.0"
"573","Romania","2021-09-20","50.0"
"574","Romania","2021-09-21","50.0"
"575","Romania","2021-09-22","50.0"
"576","Romania","2021-09-23","50.0"
"577","Romania","2021-09-24","50.0"
"578","Romania","2021-09-25","50.0"
"579","Romania","2021-09-26","50.0"
"580","Romania","2021-09-27","50.0"
"581","Romania","2021-09-28","55.56"
"582","Romania","2021-09-29","55.56"
"583","Romania","2021-09-30","55.56"
"584","Romania","2021-10-01","55.56"
"585","Romania","2021-10-02","55.56"
"586","Romania","2021-10-03","55.56"
"587","Romania","2021-10-04","55.56"
"588","Romania","2021-10-05","55.56"
"589","Romania","2021-10-06","55.56"
"590","Romania","2021-10-07","55.56"
"591","Romania","2021-10-08","55.56"
"592","Romania","2021-10-09","55.56"
"593","Romania","2021-10-10","55.56"
"594","Romania","2021-10-11","55.56"
"595","Romania","2021-10-12","55.56"
"596","Romania","2021-10-13","55.56"
"597","Romania","2021-10-14","55.56"
"598","Romania","2021-10-15","55.56"
"599","Romania","2021-10-16","55.56"
"600","Romania","2021-10-17","55.56"
"601","Romania","2021-10-18","55.56"
"602","Romania","2021-10-19","55.56"
"603","Romania","2021-10-20","55.56"
"604","Romania","2021-10-21","55.56"
"605","Romania","2021-10-22","55.56"
"606","Romania","2021-10-23","55.56"
"607","Romania","2021-10-24","55.56"
"608","Romania","2021-10-25","57.41"
"609","Romania","2021-10-26","57.41"
"610","Romania","2021-10-27","57.41"
"611","Romania","2021-10-28","57.41"
"612","Romania","2021-10-29","57.41"
"613","Romania","2021-10-30","57.41"
"614","Romania","2021-10-31","57.41"
"615","Romania","2021-11-01","57.41"
"616","Romania","2021-11-02","57.41"
"617","Romania","2021-11-03","57.41"
"618","Romania","2021-11-04","57.41"
"619","Romania","2021-11-05","57.41"
"620","Romania","2021-11-06","57.41"
"621","Romania","2021-11-07","57.41"
"622","Romania","2021-11-08","53.7"
"623","Romania","2021-11-09","53.7"
"624","Romania","2021-11-10","53.7"
"625","Romania","2021-11-11","53.7"
"626","Romania","2021-11-12","53.7"
"627","Romania","2021-11-13","53.7"
"628","Romania","2021-11-14","53.7"
"629","Romania","2021-11-15","53.7"
"630","Romania","2021-11-16","53.7"
"631","Romania","2021-11-17","53.7"
"632","Romania","2021-11-18","53.7"
"633","Romania","2021-11-19","53.7"
"634","Romania","2021-11-20","53.7"
"635","Romania","2021-11-21","53.7"
"636","Romania","2021-11-22","53.7"
"637","Romania","2021-11-23","58.33"
"638","Romania","2021-11-24","58.33"
"639","Romania","2021-11-25","58.33"
"640","Romania","2021-11-26","58.33"
"641","Romania","2021-11-27","58.33"
"642","Romania","2021-11-28","58.33"
"643","Romania","2021-11-29","58.33"
"644","Romania","2021-11-30","58.33"
"645","Romania","2021-12-01","58.33"
"646","Romania","2021-12-02","58.33"
"647","Romania","2021-12-03","58.33"
"648","Romania","2021-12-04","58.33"
"649","Romania","2021-12-05","58.33"
"650","Romania","2021-12-06","52.78"
"651","Romania","2021-12-07","52.78"
"652","Romania","2021-12-08","52.78"
"653","Romania","2021-12-09","52.78"
"654","Romania","2021-12-10","52.78"
"655","Romania","2021-12-11","52.78"
"656","Romania","2021-12-12","52.78"
"657","Romania","2021-12-13","52.78"
"658","Romania","2021-12-14","52.78"
"659","Romania","2021-12-15","52.78"
"660","Romania","2021-12-16","52.78"
"661","Romania","2021-12-17","52.78"
"662","Romania","2021-12-18","52.78"
"663","Romania","2021-12-19","52.78"
"664","Romania","2021-12-20","52.78"
"665","Romania","2021-12-21","52.78"
"666","Romania","2021-12-22","52.78"
"667","Romania","2021-12-23","52.78"
"668","Romania","2021-12-24","52.78"
"669","Romania","2021-12-25","52.78"
"670","Romania","2021-12-26","52.78"
"671","Romania","2021-12-27","52.78"
"672","Romania","2021-12-28","52.78"
"673","Romania","2021-12-29","52.78"
"674","Romania","2021-12-30","52.78"
"675","Romania","2021-12-31","52.78"
"676","Romania","2022-01-01","52.78"
"677","Romania","2022-01-02","52.78"
"678","Romania","2022-01-03","52.78"
"679","Romania","2022-01-04","52.78"
"680","Romania","2022-01-05","52.78"
"681","Romania","2022-01-06","52.78"
"682","Romania","2022-01-07","52.78"
"683","Romania","2022-01-08","52.78"
"684","Romania","2022-01-09","52.78"
"685","Romania","2022-01-10","52.78"
"686","Romania","2022-01-11","52.78"
"687","Romania","2022-01-12","52.78"
"688","Romania","2022-01-13","52.78"
"689","Romania","2022-01-14","52.78"
"690","Romania","2022-01-15","52.78"
"691","Romania","2022-01-16","52.78"
"692","Romania","2022-01-17","52.78"
"693","Romania","2022-01-18","52.78"
"694","Romania","2022-01-19","52.78"
"695","Romania","2022-01-20","52.78"
"696","Romania","2022-01-21","52.78"
"697","Romania","2022-01-22","52.78"
"698","Romania","2022-01-23","52.78"
"699","Romania","2022-01-24","52.78"
"700","Romania","2022-01-25","52.78"
"701","Romania","2022-01-26","52.78"
"702","Romania","2022-01-27","52.78"
"703","Romania","2022-01-28","52.78"
"704","Romania","2022-01-29","52.78"
"705","Romania","2022-01-30","52.78"
"706","Romania","2022-01-31","52.78"
"707","Romania","2022-02-01","47.22"
"708","Romania","2022-02-02","47.22"
"709","Romania","2022-02-03","47.22"
"710","Romania","2022-02-04","47.22"
"711","Romania","2022-02-05","47.22"
"712","Romania","2022-02-06","47.22"
"713","Romania","2022-02-07","47.22"
"714","Romania","2022-02-08","47.22"
"715","Romania","2022-02-09","47.22"
"716","Romania","2022-02-10","47.22"
"717","Romania","2022-02-11","47.22"
"718","Romania","2022-02-12","47.22"
"719","Romania","2022-02-13","47.22"
"720","Romania","2022-02-14","47.22"
"721","Romania","2022-02-15","47.22"
"722","Romania","2022-02-16","47.22"
"723","Romania","2022-02-17","47.22"
"724","Romania","2022-02-18","47.22"
"725","Romania","2022-02-19","47.22"
"726","Romania","2022-02-20","47.22"
"727","Romania","2022-02-21","47.22"
"728","Romania","2022-02-22","47.22"
"729","Romania","2022-02-23","47.22"
"730","Romania","2022-02-24","47.22"
"731","Romania","2022-02-25","47.22"
"732","Romania","2022-02-26","47.22"
"733","Romania","2022-02-27","47.22"
"734","Romania","2022-02-28","47.22"
"735","Romania","2022-03-01","47.22"
"736","Romania","2022-03-02","47.22"
"737","Romania","2022-03-03","47.22"
"738","Romania","2022-03-04","47.22"
"739","Romania","2022-03-05","47.22"
"740","Romania","2022-03-06","47.22"
"741","Romania","2022-03-07","47.22"
"742","Romania","2022-03-08","47.22"
"743","Romania","2022-03-09","13.89"
"744","Romania","2022-03-10","13.89"
"745","Romania","2022-03-11","13.89"
"746","Romania","2022-03-12","13.89"
"747","Romania","2022-03-13","13.89"
"748","Romania","2022-03-14","13.89"
"749","Romania","2022-03-15","13.89"
"750","Romania","2022-03-16","13.89"
"751","Romania","2022-03-17","13.89"
"752","Romania","2022-03-18","13.89"
"753","Romania","2022-03-19","13.89"
"754","Romania","2022-03-20","13.89"
"755","Romania","2022-03-21","13.89"
"756","Romania","2022-03-22","13.89"
"757","Romania","2022-03-23","13.89"
"758","Romania","2022-03-24","13.89"
"759","Romania","2022-03-25","13.89"
"760","Romania","2022-03-26","13.89"
"761","Romania","2022-03-27","13.89"
"762","Romania","2022-03-28","13.89"
"763","Romania","2022-03-29","11.11"
"764","Romania","2022-03-30","11.11"
"765","Romania","2022-03-31","11.11"
"766","Romania","2022-04-01","11.11"
"767","Romania","2022-04-02","11.11"
"768","Romania","2022-04-03","11.11"
"769","Romania","2022-04-04","11.11"
"770","Romania","2022-04-05","11.11"
"771","Romania","2022-04-06","11.11"
"772","Romania","2022-04-07","11.11"
"773","Romania","2022-04-08","11.11"
"774","Romania","2022-04-09","11.11"
"775","Romania","2022-04-10","11.11"
"776","Romania","2022-04-11","11.11"
"777","Romania","2022-04-12","11.11"
"778","Romania","2022-04-13","11.11"
"779","Romania","2022-04-14","11.11"
"780","Romania","2022-04-15","11.11"
"781","Romania","2022-04-16","11.11"
"782","Romania","2022-04-17","11.11"
"783","Romania","2022-04-18","11.11"
"784","Romania","2022-04-19",""
"785","Romania","2022-04-20",""
"786","Romania","2022-04-21",""
"787","Romania","2022-04-22",""
"788","Romania","2022-04-23",""
"789","Romania","2022-04-24",""
"790","Romania","2022-04-25",""
"791","Romania","2022-04-26",""
"792","Romania","2022-04-27",""
"793","Romania","2022-04-28",""
"794","Romania","2022-04-29",""
"795","Romania","2022-04-30",""
"796","Romania","2022-05-01",""
"797","Romania","2022-05-02",""
